"id","class"
1,"trees"
2,"dusk"
3,"dusk"
4,"dusk"
5,"oval"
6,"scene"
7,"cold"
8,"trees"
9,"scene"
10,"cold"
11,"dusk"
12,"scene"
13,"impressions"
14,"scene"
15,"water"
16,"cold"
17,"trees"
18,"oval"
19,"cold"
20,"scene"
21,"scene"
22,"oval"
23,"impressions"
24,"water"
25,"oval"
26,"scene"
27,"dusk"
28,"water"
29,"cold"
30,"trees"
31,"scene"
32,"cold"
33,"water"
34,"water"
35,"trees"
36,"trees"
37,"impressions"
38,"scene"
39,"oval"
40,"water"
41,"trees"
42,"flowers"
43,"dusk"
44,"flowers"
45,"water"
46,"dusk"
47,"dusk"
48,"scene"
49,"water"
50,"scene"
51,"oval"
52,"water"
53,"water"
54,"oval"
55,"impressions"
56,"scene"
57,"scene"
58,"scene"
59,"impressions"
60,"trees"
61,"impressions"
62,"oval"
63,"water"
